Time,LIVING_UNIT1:BRUSSELS ANNUAL HEATING 99.6% CONDNS DB:Des Heat Load [W],LIVING_UNIT1:BRUSSELS ANNUAL COOLING 1% CONDNS DB=>MWB:Des Sens Cool Load [W],LIVING_UNIT1:BRUSSELS ANNUAL HEATING 99.6% CONDNS DB:Des Heat Mass Flow [kg/s],LIVING_UNIT1:BRUSSELS ANNUAL COOLING 1% CONDNS DB=>MWB:Des Cool Mass Flow [kg/s],LIVING_UNIT1::Des Latent Heat Load [W],LIVING_UNIT1::Des Latent Cool Load [W],LIVING_UNIT1::Des Latent Heat Mass Flow [kg/s],LIVING_UNIT1::Des Latent Cool Mass Flow [kg/s],LIVING_UNIT1::Des Heat Load No DOAS [W],LIVING_UNIT1::Des Sens Cool Load No DOAS [W],LIVING_UNIT1::Des Latent Heat Load No DOAS [W],LIVING_UNIT1::Des Latent Cool Load No DOAS [W],LIVING_UNIT1:BRUSSELS ANNUAL HEATING 99.6% CONDNS DB:Heating Zone Temperature [C],LIVING_UNIT1:BRUSSELS ANNUAL HEATING 99.6% CONDNS DB:Heating Zone Relative Humidity [%],LIVING_UNIT1:BRUSSELS ANNUAL COOLING 1% CONDNS DB=>MWB:Cooling Zone Temperature [C],LIVING_UNIT1:BRUSSELS ANNUAL COOLING 1% CONDNS DB=>MWB:Cooling Zone Relative Humidity [%]
00:15:00,0.000000E+00,0.000000E+00,0.000000E+00,0.000000E+00,0.000000E+00,0.000000E+00,0.000000E+00,0.000000E+00,0.000000E+00,0.000000E+00,0.000000E+00,0.000000E+00,9.297013E+00,3.315250E+01,2.868641E+01,4.564498E+01
00:30:00,0.000000E+00,0.000000E+00,0.000000E+00,0.000000E+00,0.000000E+00,0.000000E+00,0.000000E+00,0.000000E+00,0.000000E+00,0.000000E+00,0.000000E+00,0.000000E+00,9.260671E+00,3.299198E+01,2.854998E+01,4.668974E+01
00:45:00,0.000000E+00,0.000000E+00,0.000000E+00,0.000000E+00,0.000000E+00,0.000000E+00,0.000000E+00,0.000000E+00,0.000000E+00,0.000000E+00,0.000000E+00,0.000000E+00,9.219177E+00,3.282483E+01,2.840566E+01,4.772765E+01
01:00:00,0.000000E+00,0.000000E+00,0.000000E+00,0.000000E+00,0.000000E+00,0.000000E+00,0.000000E+00,0.000000E+00,0.000000E+00,0.000000E+00,0.000000E+00,0.000000E+00,9.183126E+00,3.264833E+01,2.826470E+01,4.873491E+01
01:15:00,0.000000E+00,0.000000E+00,0.000000E+00,0.000000E+00,0.000000E+00,0.000000E+00,0.000000E+00,0.000000E+00,0.000000E+00,0.000000E+00,0.000000E+00,0.000000E+00,9.154326E+00,3.246811E+01,2.812852E+01,4.971045E+01
01:30:00,0.000000E+00,0.000000E+00,0.000000E+00,0.000000E+00,0.000000E+00,0.000000E+00,0.000000E+00,0.000000E+00,0.000000E+00,0.000000E+00,0.000000E+00,0.000000E+00,9.125339E+00,3.228663E+01,2.799103E+01,5.066794E+01
01:45:00,0.000000E+00,0.000000E+00,0.000000E+00,0.000000E+00,0.000000E+00,0.000000E+00,0.000000E+00,0.000000E+00,0.000000E+00,0.000000E+00,0.000000E+00,0.000000E+00,9.096608E+00,3.210843E+01,2.785316E+01,5.160745E+01
02:00:00,0.000000E+00,0.000000E+00,0.000000E+00,0.000000E+00,0.000000E+00,0.000000E+00,0.000000E+00,0.000000E+00,0.000000E+00,0.000000E+00,0.000000E+00,0.000000E+00,9.070149E+00,3.193494E+01,2.771691E+01,5.252555E+01
02:15:00,0.000000E+00,0.000000E+00,0.000000E+00,0.000000E+00,0.000000E+00,0.000000E+00,0.000000E+00,0.000000E+00,0.000000E+00,0.000000E+00,0.000000E+00,0.000000E+00,9.046436E+00,3.176754E+01,2.758283E+01,5.342183E+01
02:30:00,0.000000E+00,0.000000E+00,0.000000E+00,0.000000E+00,0.000000E+00,0.000000E+00,0.000000E+00,0.000000E+00,0.000000E+00,0.000000E+00,0.000000E+00,0.000000E+00,9.023940E+00,3.159877E+01,2.745035E+01,5.429524E+01
02:45:00,0.000000E+00,0.000000E+00,0.000000E+00,0.000000E+00,0.000000E+00,0.000000E+00,0.000000E+00,0.000000E+00,0.000000E+00,0.000000E+00,0.000000E+00,0.000000E+00,9.002464E+00,3.143280E+01,2.731962E+01,5.514701E+01
03:00:00,0.000000E+00,0.000000E+00,0.000000E+00,0.000000E+00,0.000000E+00,0.000000E+00,0.000000E+00,0.000000E+00,0.000000E+00,0.000000E+00,0.000000E+00,0.000000E+00,8.982301E+00,3.127313E+01,2.719087E+01,5.597833E+01
03:15:00,0.000000E+00,0.000000E+00,0.000000E+00,0.000000E+00,0.000000E+00,0.000000E+00,0.000000E+00,0.000000E+00,0.000000E+00,0.000000E+00,0.000000E+00,0.000000E+00,8.963518E+00,3.112124E+01,2.706407E+01,5.679033E+01
03:30:00,0.000000E+00,0.000000E+00,0.000000E+00,0.000000E+00,0.000000E+00,0.000000E+00,0.000000E+00,0.000000E+00,0.000000E+00,0.000000E+00,0.000000E+00,0.000000E+00,8.945042E+00,3.097590E+01,2.693816E+01,5.758597E+01
03:45:00,0.000000E+00,0.000000E+00,0.000000E+00,0.000000E+00,0.000000E+00,0.000000E+00,0.000000E+00,0.000000E+00,0.000000E+00,0.000000E+00,0.000000E+00,0.000000E+00,8.927160E+00,3.083729E+01,2.681354E+01,5.836478E+01
04:00:00,0.000000E+00,0.000000E+00,0.000000E+00,0.000000E+00,0.000000E+00,0.000000E+00,0.000000E+00,0.000000E+00,0.000000E+00,0.000000E+00,0.000000E+00,0.000000E+00,8.910327E+00,3.070534E+01,2.669080E+01,5.912555E+01
04:15:00,0.000000E+00,0.000000E+00,0.000000E+00,0.000000E+00,0.000000E+00,0.000000E+00,0.000000E+00,0.000000E+00,0.000000E+00,0.000000E+00,0.000000E+00,0.000000E+00,8.894612E+00,3.058004E+01,2.657014E+01,5.986806E+01
04:30:00,0.000000E+00,0.000000E+00,0.000000E+00,0.000000E+00,0.000000E+00,0.000000E+00,0.000000E+00,0.000000E+00,0.000000E+00,0.000000E+00,0.000000E+00,0.000000E+00,8.886099E+00,3.045247E+01,2.645879E+01,6.056835E+01
04:45:00,0.000000E+00,0.000000E+00,0.000000E+00,0.000000E+00,0.000000E+00,0.000000E+00,0.000000E+00,0.000000E+00,0.000000E+00,0.000000E+00,0.000000E+00,0.000000E+00,8.880497E+00,3.032955E+01,2.635266E+01,6.124025E+01
05:00:00,0.000000E+00,0.000000E+00,0.000000E+00,0.000000E+00,0.000000E+00,0.000000E+00,0.000000E+00,0.000000E+00,0.000000E+00,0.000000E+00,0.000000E+00,0.000000E+00,8.874054E+00,3.021684E+01,2.624759E+01,6.189839E+01
05:15:00,0.000000E+00,0.000000E+00,0.000000E+00,0.000000E+00,0.000000E+00,0.000000E+00,0.000000E+00,0.000000E+00,0.000000E+00,0.000000E+00,0.000000E+00,0.000000E+00,8.866208E+00,3.011418E+01,2.614261E+01,6.254660E+01
05:30:00,0.000000E+00,0.000000E+00,0.000000E+00,0.000000E+00,0.000000E+00,0.000000E+00,0.000000E+00,0.000000E+00,0.000000E+00,0.000000E+00,0.000000E+00,0.000000E+00,8.876273E+00,3.000721E+01,2.606124E+01,6.310699E+01
05:45:00,0.000000E+00,0.000000E+00,0.000000E+00,0.000000E+00,0.000000E+00,0.000000E+00,0.000000E+00,0.000000E+00,0.000000E+00,0.000000E+00,0.000000E+00,0.000000E+00,8.893049E+00,2.990818E+01,2.601532E+01,6.353040E+01
06:00:00,0.000000E+00,0.000000E+00,0.000000E+00,0.000000E+00,0.000000E+00,0.000000E+00,0.000000E+00,0.000000E+00,0.000000E+00,0.000000E+00,0.000000E+00,0.000000E+00,8.905816E+00,2.982720E+01,2.604143E+01,6.367384E+01
06:15:00,0.000000E+00,0.000000E+00,0.000000E+00,0.000000E+00,0.000000E+00,0.000000E+00,0.000000E+00,0.000000E+00,0.000000E+00,0.000000E+00,0.000000E+00,0.000000E+00,8.912900E+00,2.976196E+01,2.616406E+01,6.344438E+01
06:30:00,0.000000E+00,0.000000E+00,0.000000E+00,0.000000E+00,0.000000E+00,0.000000E+00,0.000000E+00,0.000000E+00,0.000000E+00,0.000000E+00,0.000000E+00,0.000000E+00,8.929440E+00,2.974197E+01,2.645977E+01,6.265166E+01
06:45:00,0.000000E+00,0.000000E+00,0.000000E+00,0.000000E+00,0.000000E+00,0.000000E+00,0.000000E+00,0.000000E+00,0.000000E+00,0.000000E+00,0.000000E+00,0.000000E+00,8.950369E+00,2.975173E+01,2.672322E+01,6.190721E+01
07:00:00,0.000000E+00,0.000000E+00,0.000000E+00,0.000000E+00,0.000000E+00,0.000000E+00,0.000000E+00,0.000000E+00,0.000000E+00,0.000000E+00,0.000000E+00,0.000000E+00,8.968754E+00,2.977762E+01,2.701935E+01,6.108083E+01
07:15:00,0.000000E+00,0.000000E+00,0.000000E+00,0.000000E+00,0.000000E+00,0.000000E+00,0.000000E+00,0.000000E+00,0.000000E+00,0.000000E+00,0.000000E+00,0.000000E+00,8.982811E+00,2.981043E+01,2.728538E+01,6.035509E+01
07:30:00,0.000000E+00,0.000000E+00,0.000000E+00,0.000000E+00,0.000000E+00,0.000000E+00,0.000000E+00,0.000000E+00,0.000000E+00,0.000000E+00,0.000000E+00,0.000000E+00,8.974738E+00,2.993919E+01,2.754135E+01,5.965170E+01
07:45:00,0.000000E+00,0.000000E+00,0.000000E+00,0.000000E+00,0.000000E+00,0.000000E+00,0.000000E+00,0.000000E+00,0.000000E+00,0.000000E+00,0.000000E+00,0.000000E+00,8.965447E+00,3.009888E+01,2.782101E+01,5.889578E+01
08:00:00,0.000000E+00,0.000000E+00,0.000000E+00,0.000000E+00,0.000000E+00,0.000000E+00,0.000000E+00,0.000000E+00,0.000000E+00,0.000000E+00,0.000000E+00,0.000000E+00,8.964907E+00,3.024470E+01,2.806839E+01,5.822636E+01
08:15:00,0.000000E+00,0.000000E+00,0.000000E+00,0.000000E+00,0.000000E+00,0.000000E+00,0.000000E+00,0.000000E+00,0.000000E+00,0.000000E+00,0.000000E+00,0.000000E+00,8.971070E+00,3.036953E+01,2.831594E+01,5.752932E+01
08:30:00,0.000000E+00,0.000000E+00,0.000000E+00,0.000000E+00,0.000000E+00,0.000000E+00,0.000000E+00,0.000000E+00,0.000000E+00,0.000000E+00,0.000000E+00,0.000000E+00,8.866804E+00,3.069088E+01,2.850757E+01,5.691738E+01
08:45:00,0.000000E+00,0.000000E+00,0.000000E+00,0.000000E+00,0.000000E+00,0.000000E+00,0.000000E+00,0.000000E+00,0.000000E+00,0.000000E+00,0.000000E+00,0.000000E+00,8.744915E+00,3.103036E+01,2.869539E+01,5.630076E+01
09:00:00,0.000000E+00,2.938714E+01,0.000000E+00,1.697823E-03,0.000000E+00,0.000000E+00,0.000000E+00,0.000000E+00,0.000000E+00,0.000000E+00,0.000000E+00,0.000000E+00,8.666034E+00,3.127141E+01,2.890967E+01,5.557500E+01
09:15:00,0.000000E+00,1.158757E+02,0.000000E+00,6.694221E-03,0.000000E+00,0.000000E+00,0.000000E+00,0.000000E+00,0.000000E+00,0.000000E+00,0.000000E+00,0.000000E+00,8.626966E+00,3.142402E+01,2.899111E+01,5.481298E+01
09:30:00,0.000000E+00,2.328184E+02,0.000000E+00,1.344670E-02,0.000000E+00,0.000000E+00,0.000000E+00,0.000000E+00,0.000000E+00,0.000000E+00,0.000000E+00,0.000000E+00,8.562077E+00,3.161872E+01,2.899921E+01,5.422342E+01
09:45:00,0.000000E+00,3.780288E+02,0.000000E+00,2.183148E-02,0.000000E+00,0.000000E+00,0.000000E+00,0.000000E+00,0.000000E+00,0.000000E+00,0.000000E+00,0.000000E+00,8.493641E+00,3.181296E+01,2.899904E+01,5.320143E+01
10:00:00,0.000000E+00,5.247034E+02,0.000000E+00,3.029996E-02,0.000000E+00,0.000000E+00,0.000000E+00,0.000000E+00,0.000000E+00,0.000000E+00,0.000000E+00,0.000000E+00,8.441571E+00,3.196821E+01,2.899890E+01,5.196071E+01
10:15:00,0.000000E+00,6.454922E+02,0.000000E+00,3.727257E-02,0.000000E+00,0.000000E+00,0.000000E+00,0.000000E+00,0.000000E+00,0.000000E+00,0.000000E+00,0.000000E+00,8.405899E+00,3.208599E+01,2.899856E+01,5.105167E+01
10:30:00,0.000000E+00,7.618178E+02,0.000000E+00,4.399004E-02,0.000000E+00,0.000000E+00,0.000000E+00,0.000000E+00,0.000000E+00,0.000000E+00,0.000000E+00,0.000000E+00,8.379117E+00,3.217699E+01,2.899842E+01,4.970279E+01
10:45:00,0.000000E+00,8.731469E+02,0.000000E+00,5.041899E-02,0.000000E+00,0.000000E+00,0.000000E+00,0.000000E+00,0.000000E+00,0.000000E+00,0.000000E+00,0.000000E+00,8.354894E+00,3.225731E+01,2.899841E+01,4.821167E+01
11:00:00,0.000000E+00,9.732980E+02,0.000000E+00,5.620244E-02,0.000000E+00,0.000000E+00,0.000000E+00,0.000000E+00,0.000000E+00,0.000000E+00,0.000000E+00,0.000000E+00,8.331240E+00,3.233383E+01,2.899843E+01,4.675670E+01
11:15:00,0.000000E+00,1.057025E+03,0.000000E+00,6.103762E-02,0.000000E+00,0.000000E+00,0.000000E+00,0.000000E+00,0.000000E+00,0.000000E+00,0.000000E+00,0.000000E+00,8.308426E+00,3.240720E+01,2.899812E+01,4.579823E+01
11:30:00,0.000000E+00,1.125794E+03,0.000000E+00,6.500899E-02,0.000000E+00,0.000000E+00,0.000000E+00,0.000000E+00,0.000000E+00,0.000000E+00,0.000000E+00,0.000000E+00,8.287191E+00,3.249239E+01,2.899807E+01,4.461551E+01
11:45:00,0.000000E+00,1.179180E+03,0.000000E+00,6.809195E-02,0.000000E+00,0.000000E+00,0.000000E+00,0.000000E+00,0.000000E+00,0.000000E+00,0.000000E+00,0.000000E+00,8.267530E+00,3.258272E+01,2.899821E+01,4.339742E+01
12:00:00,0.000000E+00,1.218955E+03,0.000000E+00,7.038883E-02,0.000000E+00,0.000000E+00,0.000000E+00,0.000000E+00,0.000000E+00,0.000000E+00,0.000000E+00,0.000000E+00,8.249077E+00,3.267166E+01,2.899832E+01,4.230665E+01
12:15:00,0.000000E+00,1.248762E+03,0.000000E+00,7.211012E-02,0.000000E+00,0.000000E+00,0.000000E+00,0.000000E+00,0.000000E+00,0.000000E+00,0.000000E+00,0.000000E+00,8.231569E+00,3.275640E+01,2.899806E+01,4.161196E+01
12:30:00,0.000000E+00,1.273016E+03,0.000000E+00,7.351093E-02,0.000000E+00,0.000000E+00,0.000000E+00,0.000000E+00,0.000000E+00,0.000000E+00,0.000000E+00,0.000000E+00,8.214305E+00,3.284586E+01,2.899789E+01,4.082496E+01
12:45:00,0.000000E+00,1.297140E+03,0.000000E+00,7.490410E-02,0.000000E+00,0.000000E+00,0.000000E+00,0.000000E+00,0.000000E+00,0.000000E+00,0.000000E+00,0.000000E+00,8.197697E+00,3.293600E+01,2.899805E+01,4.002663E+01
13:00:00,0.000000E+00,1.328023E+03,0.000000E+00,7.668768E-02,0.000000E+00,0.000000E+00,0.000000E+00,0.000000E+00,0.000000E+00,0.000000E+00,0.000000E+00,0.000000E+00,8.182035E+00,3.302289E+01,2.899814E+01,3.931494E+01
13:15:00,0.000000E+00,1.371863E+03,0.000000E+00,7.921914E-02,0.000000E+00,0.000000E+00,0.000000E+00,0.000000E+00,0.000000E+00,0.000000E+00,0.000000E+00,0.000000E+00,8.167284E+00,3.310514E+01,2.899815E+01,3.874164E+01
13:30:00,0.000000E+00,1.430132E+03,0.000000E+00,8.258498E-02,0.000000E+00,0.000000E+00,0.000000E+00,0.000000E+00,0.000000E+00,0.000000E+00,0.000000E+00,0.000000E+00,8.154218E+00,3.315788E+01,2.899708E+01,3.827914E+01
13:45:00,0.000000E+00,1.503824E+03,0.000000E+00,8.684180E-02,0.000000E+00,0.000000E+00,0.000000E+00,0.000000E+00,0.000000E+00,0.000000E+00,0.000000E+00,0.000000E+00,8.142050E+00,3.319250E+01,2.899706E+01,3.769199E+01
14:00:00,0.000000E+00,1.589164E+03,0.000000E+00,9.177126E-02,0.000000E+00,0.000000E+00,0.000000E+00,0.000000E+00,0.000000E+00,0.000000E+00,0.000000E+00,0.000000E+00,8.130216E+00,3.322079E+01,2.899712E+01,3.713753E+01
14:15:00,0.000000E+00,1.224512E+03,0.000000E+00,7.071431E-02,0.000000E+00,0.000000E+00,0.000000E+00,0.000000E+00,0.000000E+00,0.000000E+00,0.000000E+00,0.000000E+00,8.118618E+00,3.324795E+01,2.958046E+01,3.550110E+01
14:30:00,0.000000E+00,8.399517E+02,0.000000E+00,4.850634E-02,0.000000E+00,0.000000E+00,0.000000E+00,0.000000E+00,0.000000E+00,0.000000E+00,0.000000E+00,0.000000E+00,8.109566E+00,3.326676E+01,3.068802E+01,3.374379E+01
14:45:00,0.000000E+00,4.322105E+02,0.000000E+00,2.495966E-02,0.000000E+00,0.000000E+00,0.000000E+00,0.000000E+00,0.000000E+00,0.000000E+00,0.000000E+00,0.000000E+00,8.101585E+00,3.328172E+01,3.128466E+01,3.295087E+01
15:00:00,0.000000E+00,0.000000E+00,0.000000E+00,0.000000E+00,0.000000E+00,0.000000E+00,0.000000E+00,0.000000E+00,0.000000E+00,0.000000E+00,0.000000E+00,0.000000E+00,8.093445E+00,3.329675E+01,3.164559E+01,3.254758E+01
15:15:00,0.000000E+00,1.161618E+03,0.000000E+00,5.957388E-02,0.000000E+00,0.000000E+00,0.000000E+00,0.000000E+00,0.000000E+00,0.000000E+00,0.000000E+00,0.000000E+00,8.084997E+00,3.331267E+01,2.903604E+01,3.654623E+01
15:30:00,0.000000E+00,1.266069E+03,0.000000E+00,6.560495E-02,0.000000E+00,0.000000E+00,0.000000E+00,0.000000E+00,0.000000E+00,0.000000E+00,0.000000E+00,0.000000E+00,8.085328E+00,3.334452E+01,2.899943E+01,3.616422E+01
15:45:00,0.000000E+00,2.216342E+03,0.000000E+00,1.204745E-01,0.000000E+00,0.000000E+00,0.000000E+00,0.000000E+00,0.000000E+00,0.000000E+00,0.000000E+00,0.000000E+00,8.089405E+00,3.338889E+01,2.899947E+01,3.545185E+01
16:00:00,0.000000E+00,2.918358E+03,0.000000E+00,1.610153E-01,0.000000E+00,0.000000E+00,0.000000E+00,0.000000E+00,0.000000E+00,0.000000E+00,0.000000E+00,0.000000E+00,8.092039E+00,3.344149E+01,2.899707E+01,3.446798E+01
16:15:00,0.000000E+00,2.455553E+03,0.000000E+00,1.417941E-01,0.000000E+00,0.000000E+00,0.000000E+00,0.000000E+00,0.000000E+00,0.000000E+00,0.000000E+00,0.000000E+00,8.092139E+00,3.349737E+01,2.899836E+01,3.404714E+01
16:30:00,0.000000E+00,3.039274E+03,0.000000E+00,1.755007E-01,0.000000E+00,0.000000E+00,0.000000E+00,0.000000E+00,0.000000E+00,0.000000E+00,0.000000E+00,0.000000E+00,8.128086E+00,3.357852E+01,2.899857E+01,3.376496E+01
16:45:00,0.000000E+00,2.765350E+03,0.000000E+00,1.596860E-01,0.000000E+00,0.000000E+00,0.000000E+00,0.000000E+00,0.000000E+00,0.000000E+00,0.000000E+00,0.000000E+00,8.175298E+00,3.369437E+01,2.899866E+01,3.359052E+01
17:00:00,0.000000E+00,2.727398E+03,0.000000E+00,1.574906E-01,0.000000E+00,0.000000E+00,0.000000E+00,0.000000E+00,0.000000E+00,0.000000E+00,0.000000E+00,0.000000E+00,8.212251E+00,3.384451E+01,2.899873E+01,3.347297E+01
17:15:00,0.000000E+00,2.702980E+03,0.000000E+00,1.560797E-01,0.000000E+00,0.000000E+00,0.000000E+00,0.000000E+00,0.000000E+00,0.000000E+00,0.000000E+00,0.000000E+00,8.236499E+00,3.401218E+01,2.899874E+01,3.342591E+01
17:30:00,0.000000E+00,2.680748E+03,0.000000E+00,1.547956E-01,0.000000E+00,0.000000E+00,0.000000E+00,0.000000E+00,0.000000E+00,0.000000E+00,0.000000E+00,0.000000E+00,8.332263E+00,3.417891E+01,2.899871E+01,3.351448E+01
17:45:00,0.000000E+00,2.658675E+03,0.000000E+00,1.535205E-01,0.000000E+00,0.000000E+00,0.000000E+00,0.000000E+00,0.000000E+00,0.000000E+00,0.000000E+00,0.000000E+00,8.441395E+00,3.440229E+01,2.899892E+01,3.364184E+01
18:00:00,0.000000E+00,2.636918E+03,0.000000E+00,1.522635E-01,0.000000E+00,0.000000E+00,0.000000E+00,0.000000E+00,0.000000E+00,0.000000E+00,0.000000E+00,0.000000E+00,8.522938E+00,3.469805E+01,2.899902E+01,3.374753E+01
18:15:00,0.000000E+00,2.611413E+03,0.000000E+00,1.507902E-01,0.000000E+00,0.000000E+00,0.000000E+00,0.000000E+00,0.000000E+00,0.000000E+00,0.000000E+00,0.000000E+00,8.576812E+00,3.503191E+01,2.899898E+01,3.388489E+01
18:30:00,0.000000E+00,2.579034E+03,0.000000E+00,1.489200E-01,0.000000E+00,0.000000E+00,0.000000E+00,0.000000E+00,0.000000E+00,0.000000E+00,0.000000E+00,0.000000E+00,8.701195E+00,3.512580E+01,2.899894E+01,3.408387E+01
18:45:00,0.000000E+00,2.536266E+03,0.000000E+00,1.464502E-01,0.000000E+00,0.000000E+00,0.000000E+00,0.000000E+00,0.000000E+00,0.000000E+00,0.000000E+00,0.000000E+00,8.834970E+00,3.514443E+01,2.899910E+01,3.425606E+01
19:00:00,0.000000E+00,2.476142E+03,0.000000E+00,1.429782E-01,0.000000E+00,0.000000E+00,0.000000E+00,0.000000E+00,0.000000E+00,0.000000E+00,0.000000E+00,0.000000E+00,8.935093E+00,3.521249E+01,2.899916E+01,3.444200E+01
19:15:00,0.000000E+00,2.374418E+03,0.000000E+00,1.371038E-01,0.000000E+00,0.000000E+00,0.000000E+00,0.000000E+00,0.000000E+00,0.000000E+00,0.000000E+00,0.000000E+00,9.002977E+00,3.533771E+01,2.899929E+01,3.458792E+01
19:30:00,0.000000E+00,2.239683E+03,0.000000E+00,1.293231E-01,0.000000E+00,0.000000E+00,0.000000E+00,0.000000E+00,0.000000E+00,0.000000E+00,0.000000E+00,0.000000E+00,9.060703E+00,3.535958E+01,2.899935E+01,3.476624E+01
19:45:00,0.000000E+00,2.062861E+03,0.000000E+00,1.191126E-01,0.000000E+00,0.000000E+00,0.000000E+00,0.000000E+00,0.000000E+00,0.000000E+00,0.000000E+00,0.000000E+00,9.114561E+00,3.531115E+01,2.899939E+01,3.500443E+01
20:00:00,0.000000E+00,1.843764E+03,0.000000E+00,1.064612E-01,0.000000E+00,0.000000E+00,0.000000E+00,0.000000E+00,0.000000E+00,0.000000E+00,0.000000E+00,0.000000E+00,9.164747E+00,3.524283E+01,2.899945E+01,3.531229E+01
20:15:00,0.000000E+00,1.598145E+03,0.000000E+00,9.227855E-02,0.000000E+00,0.000000E+00,0.000000E+00,0.000000E+00,0.000000E+00,0.000000E+00,0.000000E+00,0.000000E+00,9.210985E+00,3.517898E+01,2.899951E+01,3.568662E+01
20:30:00,0.000000E+00,1.362489E+03,0.000000E+00,7.867135E-02,0.000000E+00,0.000000E+00,0.000000E+00,0.000000E+00,0.000000E+00,0.000000E+00,0.000000E+00,0.000000E+00,9.255099E+00,3.507211E+01,2.899948E+01,3.596573E+01
20:45:00,0.000000E+00,1.158922E+03,0.000000E+00,6.691709E-02,0.000000E+00,0.000000E+00,0.000000E+00,0.000000E+00,0.000000E+00,0.000000E+00,0.000000E+00,0.000000E+00,9.296195E+00,3.494443E+01,2.899948E+01,3.638411E+01
21:00:00,0.000000E+00,9.999996E+02,0.000000E+00,5.774075E-02,0.000000E+00,0.000000E+00,0.000000E+00,0.000000E+00,0.000000E+00,0.000000E+00,0.000000E+00,0.000000E+00,9.334065E+00,3.481717E+01,2.899951E+01,3.686072E+01
21:15:00,0.000000E+00,8.743191E+02,0.000000E+00,5.048390E-02,0.000000E+00,0.000000E+00,0.000000E+00,0.000000E+00,0.000000E+00,0.000000E+00,0.000000E+00,0.000000E+00,9.369316E+00,3.469828E+01,2.899947E+01,3.720896E+01
21:30:00,0.000000E+00,7.628662E+02,0.000000E+00,4.404852E-02,0.000000E+00,0.000000E+00,0.000000E+00,0.000000E+00,0.000000E+00,0.000000E+00,0.000000E+00,0.000000E+00,9.405427E+00,3.455405E+01,2.899946E+01,3.771196E+01
21:45:00,0.000000E+00,6.617790E+02,0.000000E+00,3.821166E-02,0.000000E+00,0.000000E+00,0.000000E+00,0.000000E+00,0.000000E+00,0.000000E+00,0.000000E+00,0.000000E+00,9.435396E+00,3.441198E+01,2.899950E+01,3.829390E+01
22:00:00,0.000000E+00,5.675997E+02,0.000000E+00,3.277366E-02,0.000000E+00,0.000000E+00,0.000000E+00,0.000000E+00,0.000000E+00,0.000000E+00,0.000000E+00,0.000000E+00,9.459334E+00,3.428333E+01,2.899954E+01,3.889157E+01
22:15:00,0.000000E+00,4.682105E+02,0.000000E+00,2.703482E-02,0.000000E+00,0.000000E+00,0.000000E+00,0.000000E+00,0.000000E+00,0.000000E+00,0.000000E+00,0.000000E+00,9.480203E+00,3.416633E+01,2.899956E+01,3.932160E+01
22:30:00,0.000000E+00,3.711143E+02,0.000000E+00,2.142837E-02,0.000000E+00,0.000000E+00,0.000000E+00,0.000000E+00,0.000000E+00,0.000000E+00,0.000000E+00,0.000000E+00,9.467935E+00,3.406932E+01,2.899960E+01,3.989862E+01
22:45:00,0.000000E+00,2.764650E+02,0.000000E+00,1.596322E-02,0.000000E+00,0.000000E+00,0.000000E+00,0.000000E+00,0.000000E+00,0.000000E+00,0.000000E+00,0.000000E+00,9.443262E+00,3.396896E+01,2.899970E+01,4.059360E+01
23:00:00,0.000000E+00,1.842376E+02,0.000000E+00,1.063794E-02,0.000000E+00,0.000000E+00,0.000000E+00,0.000000E+00,0.000000E+00,0.000000E+00,0.000000E+00,0.000000E+00,9.425157E+00,3.384852E+01,2.899981E+01,4.132684E+01
23:15:00,0.000000E+00,1.077614E+02,0.000000E+00,6.222163E-03,0.000000E+00,0.000000E+00,0.000000E+00,0.000000E+00,0.000000E+00,0.000000E+00,0.000000E+00,0.000000E+00,9.416822E+00,3.371326E+01,2.899277E+01,4.211259E+01
23:30:00,0.000000E+00,5.314192E+01,0.000000E+00,3.068412E-03,0.000000E+00,0.000000E+00,0.000000E+00,0.000000E+00,0.000000E+00,0.000000E+00,0.000000E+00,0.000000E+00,9.388164E+00,3.358318E+01,2.895133E+01,4.300113E+01
23:45:00,0.000000E+00,1.775866E+01,0.000000E+00,1.025380E-03,0.000000E+00,0.000000E+00,0.000000E+00,0.000000E+00,0.000000E+00,0.000000E+00,0.000000E+00,0.000000E+00,9.351125E+00,3.345094E+01,2.886535E+01,4.398838E+01
24:00:00,0.000000E+00,0.000000E+00,0.000000E+00,0.000000E+00,0.000000E+00,0.000000E+00,0.000000E+00,0.000000E+00,0.000000E+00,0.000000E+00,0.000000E+00,0.000000E+00,9.319810E+00,3.330615E+01,2.877469E+01,4.487491E+01
Peak,0.000000E+00,3.039274E+03,0.000000E+00,1.755007E-01,0.000000E+00,0.000000E+00,0.000000E+00,0.000000E+00,0.000000E+00,0.000000E+00,0.000000E+00,0.000000E+00,,,,

Peak Vol Flow (m3/s),,,0.000000E+00,1.467336E-01,,,0.000000E+00,0.000000E+00,,,,,,,,
