Time,LIVING_UNIT1:BRUSSELS ANNUAL COOLING 1% CONDNS DB=>MWB:Des Heat Load [W],LIVING_UNIT1:BRUSSELS ANNUAL COOLING 1% CONDNS DB=>MWB:Des Sens Cool Load [W],LIVING_UNIT1:BRUSSELS ANNUAL COOLING 1% CONDNS DB=>MWB:Des Heat Mass Flow [kg/s],LIVING_UNIT1:BRUSSELS ANNUAL COOLING 1% CONDNS DB=>MWB:Des Cool Mass Flow [kg/s],LIVING_UNIT1::Des Latent Heat Load [W],LIVING_UNIT1::Des Latent Cool Load [W],LIVING_UNIT1::Des Latent Heat Mass Flow [kg/s],LIVING_UNIT1::Des Latent Cool Mass Flow [kg/s],LIVING_UNIT1::Des Heat Load No DOAS [W],LIVING_UNIT1::Des Sens Cool Load No DOAS [W],LIVING_UNIT1::Des Latent Heat Load No DOAS [W],LIVING_UNIT1::Des Latent Cool Load No DOAS [W],LIVING_UNIT1:BRUSSELS ANNUAL COOLING 1% CONDNS DB=>MWB:Heating Zone Temperature [C],LIVING_UNIT1:BRUSSELS ANNUAL COOLING 1% CONDNS DB=>MWB:Heating Zone Relative Humidity [%],LIVING_UNIT1:BRUSSELS ANNUAL COOLING 1% CONDNS DB=>MWB:Cooling Zone Temperature [C],LIVING_UNIT1:BRUSSELS ANNUAL COOLING 1% CONDNS DB=>MWB:Cooling Zone Relative Humidity [%]
00:15:00,0.000000E+00,1.864952E+02,0.000000E+00,1.220414E-02,0.000000E+00,0.000000E+00,0.000000E+00,0.000000E+00,0.000000E+00,0.000000E+00,0.000000E+00,0.000000E+00,2.699956E+01,4.570158E+01,2.699956E+01,4.570158E+01
00:30:00,0.000000E+00,1.186403E+02,0.000000E+00,7.763732E-03,0.000000E+00,0.000000E+00,0.000000E+00,0.000000E+00,0.000000E+00,0.000000E+00,0.000000E+00,0.000000E+00,2.699978E+01,4.639373E+01,2.699978E+01,4.639373E+01
00:45:00,0.000000E+00,6.318460E+01,0.000000E+00,4.134751E-03,0.000000E+00,0.000000E+00,0.000000E+00,0.000000E+00,0.000000E+00,0.000000E+00,0.000000E+00,0.000000E+00,2.699995E+01,4.713367E+01,2.699995E+01,4.713367E+01
01:00:00,0.000000E+00,2.254074E+01,0.000000E+00,1.475052E-03,0.000000E+00,0.000000E+00,0.000000E+00,0.000000E+00,0.000000E+00,0.000000E+00,0.000000E+00,0.000000E+00,2.697740E+01,4.795631E+01,2.697740E+01,4.795631E+01
01:15:00,0.000000E+00,3.794536E+00,0.000000E+00,2.483089E-04,0.000000E+00,0.000000E+00,0.000000E+00,0.000000E+00,0.000000E+00,0.000000E+00,0.000000E+00,0.000000E+00,2.692237E+01,4.886135E+01,2.692237E+01,4.886135E+01
01:30:00,0.000000E+00,0.000000E+00,0.000000E+00,0.000000E+00,0.000000E+00,0.000000E+00,0.000000E+00,0.000000E+00,0.000000E+00,0.000000E+00,0.000000E+00,0.000000E+00,2.684120E+01,4.981456E+01,2.684120E+01,4.981456E+01
01:45:00,0.000000E+00,0.000000E+00,0.000000E+00,0.000000E+00,0.000000E+00,0.000000E+00,0.000000E+00,0.000000E+00,0.000000E+00,0.000000E+00,0.000000E+00,0.000000E+00,2.674944E+01,5.077165E+01,2.674944E+01,5.077165E+01
02:00:00,0.000000E+00,0.000000E+00,0.000000E+00,0.000000E+00,0.000000E+00,0.000000E+00,0.000000E+00,0.000000E+00,0.000000E+00,0.000000E+00,0.000000E+00,0.000000E+00,2.665661E+01,5.170790E+01,2.665661E+01,5.170790E+01
02:15:00,0.000000E+00,0.000000E+00,0.000000E+00,0.000000E+00,0.000000E+00,0.000000E+00,0.000000E+00,0.000000E+00,0.000000E+00,0.000000E+00,0.000000E+00,0.000000E+00,2.656489E+01,5.261913E+01,2.656489E+01,5.261913E+01
02:30:00,0.000000E+00,0.000000E+00,0.000000E+00,0.000000E+00,0.000000E+00,0.000000E+00,0.000000E+00,0.000000E+00,0.000000E+00,0.000000E+00,0.000000E+00,0.000000E+00,2.647316E+01,5.350639E+01,2.647316E+01,5.350639E+01
02:45:00,0.000000E+00,0.000000E+00,0.000000E+00,0.000000E+00,0.000000E+00,0.000000E+00,0.000000E+00,0.000000E+00,0.000000E+00,0.000000E+00,0.000000E+00,0.000000E+00,2.638101E+01,5.437326E+01,2.638101E+01,5.437326E+01
03:00:00,0.000000E+00,0.000000E+00,0.000000E+00,0.000000E+00,0.000000E+00,0.000000E+00,0.000000E+00,0.000000E+00,0.000000E+00,0.000000E+00,0.000000E+00,0.000000E+00,2.628865E+01,5.522142E+01,2.628865E+01,5.522142E+01
03:15:00,0.000000E+00,0.000000E+00,0.000000E+00,0.000000E+00,0.000000E+00,0.000000E+00,0.000000E+00,0.000000E+00,0.000000E+00,0.000000E+00,0.000000E+00,0.000000E+00,2.619635E+01,5.605136E+01,2.619635E+01,5.605136E+01
03:30:00,0.000000E+00,0.000000E+00,0.000000E+00,0.000000E+00,0.000000E+00,0.000000E+00,0.000000E+00,0.000000E+00,0.000000E+00,0.000000E+00,0.000000E+00,0.000000E+00,2.610336E+01,5.686518E+01,2.610336E+01,5.686518E+01
03:45:00,0.000000E+00,0.000000E+00,0.000000E+00,0.000000E+00,0.000000E+00,0.000000E+00,0.000000E+00,0.000000E+00,0.000000E+00,0.000000E+00,0.000000E+00,0.000000E+00,2.601021E+01,5.766221E+01,2.601021E+01,5.766221E+01
04:00:00,0.000000E+00,0.000000E+00,0.000000E+00,0.000000E+00,0.000000E+00,0.000000E+00,0.000000E+00,0.000000E+00,0.000000E+00,0.000000E+00,0.000000E+00,0.000000E+00,2.591757E+01,5.844123E+01,2.591757E+01,5.844123E+01
04:15:00,0.000000E+00,0.000000E+00,0.000000E+00,0.000000E+00,0.000000E+00,0.000000E+00,0.000000E+00,0.000000E+00,0.000000E+00,0.000000E+00,0.000000E+00,0.000000E+00,2.582574E+01,5.920194E+01,2.582574E+01,5.920194E+01
04:30:00,0.000000E+00,0.000000E+00,0.000000E+00,0.000000E+00,0.000000E+00,0.000000E+00,0.000000E+00,0.000000E+00,0.000000E+00,0.000000E+00,0.000000E+00,0.000000E+00,2.574202E+01,5.992038E+01,2.574202E+01,5.992038E+01
04:45:00,0.000000E+00,0.000000E+00,0.000000E+00,0.000000E+00,0.000000E+00,0.000000E+00,0.000000E+00,0.000000E+00,0.000000E+00,0.000000E+00,0.000000E+00,0.000000E+00,2.566269E+01,6.060919E+01,2.566269E+01,6.060919E+01
05:00:00,0.000000E+00,0.000000E+00,0.000000E+00,0.000000E+00,0.000000E+00,0.000000E+00,0.000000E+00,0.000000E+00,0.000000E+00,0.000000E+00,0.000000E+00,0.000000E+00,2.558384E+01,6.128213E+01,2.558384E+01,6.128213E+01
05:15:00,0.000000E+00,0.000000E+00,0.000000E+00,0.000000E+00,0.000000E+00,0.000000E+00,0.000000E+00,0.000000E+00,0.000000E+00,0.000000E+00,0.000000E+00,0.000000E+00,2.550436E+01,6.194364E+01,2.550436E+01,6.194364E+01
05:30:00,0.000000E+00,0.000000E+00,0.000000E+00,0.000000E+00,0.000000E+00,0.000000E+00,0.000000E+00,0.000000E+00,0.000000E+00,0.000000E+00,0.000000E+00,0.000000E+00,2.544733E+01,6.251825E+01,2.544733E+01,6.251825E+01
05:45:00,0.000000E+00,0.000000E+00,0.000000E+00,0.000000E+00,0.000000E+00,0.000000E+00,0.000000E+00,0.000000E+00,0.000000E+00,0.000000E+00,0.000000E+00,0.000000E+00,2.542413E+01,6.295866E+01,2.542413E+01,6.295866E+01
06:00:00,0.000000E+00,0.000000E+00,0.000000E+00,0.000000E+00,0.000000E+00,0.000000E+00,0.000000E+00,0.000000E+00,0.000000E+00,0.000000E+00,0.000000E+00,0.000000E+00,2.547027E+01,6.312655E+01,2.547027E+01,6.312655E+01
06:15:00,0.000000E+00,0.000000E+00,0.000000E+00,0.000000E+00,0.000000E+00,0.000000E+00,0.000000E+00,0.000000E+00,0.000000E+00,0.000000E+00,0.000000E+00,0.000000E+00,2.561197E+01,6.292293E+01,2.561197E+01,6.292293E+01
06:30:00,0.000000E+00,0.000000E+00,0.000000E+00,0.000000E+00,0.000000E+00,0.000000E+00,0.000000E+00,0.000000E+00,0.000000E+00,0.000000E+00,0.000000E+00,0.000000E+00,2.592554E+01,6.218249E+01,2.592554E+01,6.218249E+01
06:45:00,0.000000E+00,0.000000E+00,0.000000E+00,0.000000E+00,0.000000E+00,0.000000E+00,0.000000E+00,0.000000E+00,0.000000E+00,0.000000E+00,0.000000E+00,0.000000E+00,2.619998E+01,6.147767E+01,2.619998E+01,6.147767E+01
07:00:00,0.000000E+00,0.000000E+00,0.000000E+00,0.000000E+00,0.000000E+00,0.000000E+00,0.000000E+00,0.000000E+00,0.000000E+00,0.000000E+00,0.000000E+00,0.000000E+00,2.650996E+01,6.068487E+01,2.650996E+01,6.068487E+01
07:15:00,0.000000E+00,3.530229E+00,0.000000E+00,2.321214E-04,0.000000E+00,0.000000E+00,0.000000E+00,0.000000E+00,0.000000E+00,0.000000E+00,0.000000E+00,0.000000E+00,2.679204E+01,5.997597E+01,2.679204E+01,5.997597E+01
07:30:00,0.000000E+00,7.088571E+01,0.000000E+00,4.641572E-03,0.000000E+00,0.000000E+00,0.000000E+00,0.000000E+00,0.000000E+00,0.000000E+00,0.000000E+00,0.000000E+00,2.697920E+01,5.940530E+01,2.697920E+01,5.940530E+01
07:45:00,0.000000E+00,1.845096E+02,0.000000E+00,1.207725E-02,0.000000E+00,0.000000E+00,0.000000E+00,0.000000E+00,0.000000E+00,0.000000E+00,0.000000E+00,0.000000E+00,2.699918E+01,5.885014E+01,2.699918E+01,5.885014E+01
08:00:00,0.000000E+00,3.286808E+02,0.000000E+00,2.151206E-02,0.000000E+00,0.000000E+00,0.000000E+00,0.000000E+00,0.000000E+00,0.000000E+00,0.000000E+00,0.000000E+00,2.699907E+01,5.820607E+01,2.699907E+01,5.820607E+01
08:15:00,0.000000E+00,4.796828E+02,0.000000E+00,3.139278E-02,0.000000E+00,0.000000E+00,0.000000E+00,0.000000E+00,0.000000E+00,0.000000E+00,0.000000E+00,0.000000E+00,2.699907E+01,5.714220E+01,2.699907E+01,5.714220E+01
08:30:00,0.000000E+00,6.041409E+02,0.000000E+00,3.953593E-02,0.000000E+00,0.000000E+00,0.000000E+00,0.000000E+00,0.000000E+00,0.000000E+00,0.000000E+00,0.000000E+00,2.699907E+01,5.616031E+01,2.699907E+01,5.616031E+01
08:45:00,0.000000E+00,7.212491E+02,0.000000E+00,4.720001E-02,0.000000E+00,0.000000E+00,0.000000E+00,0.000000E+00,0.000000E+00,0.000000E+00,0.000000E+00,0.000000E+00,2.699880E+01,5.524782E+01,2.699880E+01,5.524782E+01
09:00:00,0.000000E+00,8.456253E+02,0.000000E+00,5.533970E-02,0.000000E+00,0.000000E+00,0.000000E+00,0.000000E+00,0.000000E+00,0.000000E+00,0.000000E+00,0.000000E+00,2.699881E+01,5.413832E+01,2.699881E+01,5.413832E+01
09:15:00,0.000000E+00,9.834017E+02,0.000000E+00,6.435630E-02,0.000000E+00,0.000000E+00,0.000000E+00,0.000000E+00,0.000000E+00,0.000000E+00,0.000000E+00,0.000000E+00,2.699885E+01,5.232947E+01,2.699885E+01,5.232947E+01
09:30:00,0.000000E+00,1.115744E+03,0.000000E+00,7.301760E-02,0.000000E+00,0.000000E+00,0.000000E+00,0.000000E+00,0.000000E+00,0.000000E+00,0.000000E+00,0.000000E+00,2.699864E+01,5.106074E+01,2.699864E+01,5.106074E+01
09:45:00,0.000000E+00,1.239200E+03,0.000000E+00,8.109714E-02,0.000000E+00,0.000000E+00,0.000000E+00,0.000000E+00,0.000000E+00,0.000000E+00,0.000000E+00,0.000000E+00,2.699864E+01,4.928245E+01,2.699864E+01,4.928245E+01
10:00:00,0.000000E+00,1.352228E+03,0.000000E+00,8.849419E-02,0.000000E+00,0.000000E+00,0.000000E+00,0.000000E+00,0.000000E+00,0.000000E+00,0.000000E+00,0.000000E+00,2.699872E+01,4.748197E+01,2.699872E+01,4.748197E+01
10:15:00,0.000000E+00,1.465706E+03,0.000000E+00,9.592104E-02,0.000000E+00,0.000000E+00,0.000000E+00,0.000000E+00,0.000000E+00,0.000000E+00,0.000000E+00,0.000000E+00,2.699852E+01,4.636132E+01,2.699852E+01,4.636132E+01
10:30:00,0.000000E+00,1.566280E+03,0.000000E+00,1.025031E-01,0.000000E+00,0.000000E+00,0.000000E+00,0.000000E+00,0.000000E+00,0.000000E+00,0.000000E+00,0.000000E+00,2.699857E+01,4.495558E+01,2.699857E+01,4.495558E+01
10:45:00,0.000000E+00,1.653811E+03,0.000000E+00,1.082313E-01,0.000000E+00,0.000000E+00,0.000000E+00,0.000000E+00,0.000000E+00,0.000000E+00,0.000000E+00,0.000000E+00,2.699872E+01,4.359254E+01,2.699872E+01,4.359254E+01
11:00:00,0.000000E+00,1.727944E+03,0.000000E+00,1.130825E-01,0.000000E+00,0.000000E+00,0.000000E+00,0.000000E+00,0.000000E+00,0.000000E+00,0.000000E+00,0.000000E+00,2.699883E+01,4.242526E+01,2.699883E+01,4.242526E+01
11:15:00,0.000000E+00,1.787443E+03,0.000000E+00,1.169761E-01,0.000000E+00,0.000000E+00,0.000000E+00,0.000000E+00,0.000000E+00,0.000000E+00,0.000000E+00,0.000000E+00,2.699868E+01,4.172377E+01,2.699868E+01,4.172377E+01
11:30:00,0.000000E+00,1.834408E+03,0.000000E+00,1.200494E-01,0.000000E+00,0.000000E+00,0.000000E+00,0.000000E+00,0.000000E+00,0.000000E+00,0.000000E+00,0.000000E+00,2.699871E+01,4.094638E+01,2.699871E+01,4.094638E+01
11:45:00,0.000000E+00,1.868303E+03,0.000000E+00,1.222673E-01,0.000000E+00,0.000000E+00,0.000000E+00,0.000000E+00,0.000000E+00,0.000000E+00,0.000000E+00,0.000000E+00,2.699885E+01,4.021514E+01,2.699885E+01,4.021514E+01
12:00:00,0.000000E+00,1.890527E+03,0.000000E+00,1.237214E-01,0.000000E+00,0.000000E+00,0.000000E+00,0.000000E+00,0.000000E+00,0.000000E+00,0.000000E+00,0.000000E+00,2.699896E+01,3.961776E+01,2.699896E+01,3.961776E+01
12:15:00,0.000000E+00,1.904460E+03,0.000000E+00,1.246330E-01,0.000000E+00,0.000000E+00,0.000000E+00,0.000000E+00,0.000000E+00,0.000000E+00,0.000000E+00,0.000000E+00,2.699882E+01,3.926236E+01,2.699882E+01,3.926236E+01
12:30:00,0.000000E+00,1.914450E+03,0.000000E+00,1.252867E-01,0.000000E+00,0.000000E+00,0.000000E+00,0.000000E+00,0.000000E+00,0.000000E+00,0.000000E+00,0.000000E+00,2.699873E+01,3.889239E+01,2.699873E+01,3.889239E+01
12:45:00,0.000000E+00,1.925887E+03,0.000000E+00,1.260352E-01,0.000000E+00,0.000000E+00,0.000000E+00,0.000000E+00,0.000000E+00,0.000000E+00,0.000000E+00,0.000000E+00,2.699883E+01,3.854909E+01,2.699883E+01,3.854909E+01
13:00:00,0.000000E+00,1.946108E+03,0.000000E+00,1.273587E-01,0.000000E+00,0.000000E+00,0.000000E+00,0.000000E+00,0.000000E+00,0.000000E+00,0.000000E+00,0.000000E+00,2.699888E+01,3.826666E+01,2.699888E+01,3.826666E+01
13:15:00,0.000000E+00,1.981468E+03,0.000000E+00,1.296726E-01,0.000000E+00,0.000000E+00,0.000000E+00,0.000000E+00,0.000000E+00,0.000000E+00,0.000000E+00,0.000000E+00,2.699889E+01,3.805084E+01,2.699889E+01,3.805084E+01
13:30:00,0.000000E+00,2.033717E+03,0.000000E+00,1.330929E-01,0.000000E+00,0.000000E+00,0.000000E+00,0.000000E+00,0.000000E+00,0.000000E+00,0.000000E+00,0.000000E+00,2.699831E+01,3.787953E+01,2.699831E+01,3.787953E+01
13:45:00,0.000000E+00,2.103105E+03,0.000000E+00,1.376352E-01,0.000000E+00,0.000000E+00,0.000000E+00,0.000000E+00,0.000000E+00,0.000000E+00,0.000000E+00,0.000000E+00,2.699828E+01,3.766491E+01,2.699828E+01,3.766491E+01
14:00:00,0.000000E+00,2.185422E+03,0.000000E+00,1.430236E-01,0.000000E+00,0.000000E+00,0.000000E+00,0.000000E+00,0.000000E+00,0.000000E+00,0.000000E+00,0.000000E+00,2.699831E+01,3.746400E+01,2.699831E+01,3.746400E+01
14:15:00,0.000000E+00,8.907241E+03,0.000000E+00,1.379934E+00,0.000000E+00,0.000000E+00,0.000000E+00,0.000000E+00,0.000000E+00,0.000000E+00,0.000000E+00,0.000000E+00,1.622338E+01,6.646692E+01,1.622338E+01,6.646692E+01
14:30:00,0.000000E+00,1.245305E+04,0.000000E+00,2.566565E+00,0.000000E+00,0.000000E+00,0.000000E+00,0.000000E+00,0.000000E+00,0.000000E+00,0.000000E+00,0.000000E+00,1.530972E+01,6.961613E+01,1.530972E+01,6.961613E+01
14:45:00,0.000000E+00,1.603543E+04,0.000000E+00,3.832916E+00,0.000000E+00,0.000000E+00,0.000000E+00,0.000000E+00,0.000000E+00,0.000000E+00,0.000000E+00,0.000000E+00,1.511838E+01,7.030824E+01,1.511838E+01,7.030824E+01
15:00:00,0.000000E+00,1.852639E+04,0.000000E+00,4.774415E+00,0.000000E+00,0.000000E+00,0.000000E+00,0.000000E+00,0.000000E+00,0.000000E+00,0.000000E+00,0.000000E+00,1.507794E+01,7.068824E+01,1.507794E+01,7.068824E+01
15:15:00,3.023254E+03,1.128999E+04,1.899460E-01,3.503830E+00,0.000000E+00,0.000000E+00,0.000000E+00,0.000000E+00,0.000000E+00,0.000000E+00,0.000000E+00,0.000000E+00,2.355254E+01,4.352602E+01,2.355254E+01,4.352602E+01
15:30:00,3.023254E+03,7.210252E+03,1.899460E-01,2.282255E+00,0.000000E+00,0.000000E+00,0.000000E+00,0.000000E+00,0.000000E+00,0.000000E+00,0.000000E+00,0.000000E+00,2.471320E+01,4.114804E+01,2.471320E+01,4.114804E+01
15:45:00,3.023254E+03,3.071427E+03,1.899460E-01,9.794882E-01,0.000000E+00,0.000000E+00,0.000000E+00,0.000000E+00,0.000000E+00,0.000000E+00,0.000000E+00,0.000000E+00,2.497149E+01,4.077104E+01,2.497149E+01,4.077104E+01
16:00:00,3.023254E+03,0.000000E+00,1.899460E-01,0.000000E+00,0.000000E+00,0.000000E+00,0.000000E+00,0.000000E+00,0.000000E+00,0.000000E+00,0.000000E+00,0.000000E+00,2.560393E+01,3.981030E+01,2.560393E+01,3.981030E+01
16:15:00,0.000000E+00,0.000000E+00,0.000000E+00,0.000000E+00,0.000000E+00,0.000000E+00,0.000000E+00,0.000000E+00,0.000000E+00,0.000000E+00,0.000000E+00,0.000000E+00,2.636896E+01,3.866809E+01,2.636896E+01,3.866809E+01
16:30:00,0.000000E+00,1.737125E+02,0.000000E+00,1.144329E-02,0.000000E+00,0.000000E+00,0.000000E+00,0.000000E+00,0.000000E+00,0.000000E+00,0.000000E+00,0.000000E+00,2.686224E+01,3.804252E+01,2.686224E+01,3.804252E+01
16:45:00,0.000000E+00,4.046674E+02,0.000000E+00,2.655766E-02,0.000000E+00,0.000000E+00,0.000000E+00,0.000000E+00,0.000000E+00,0.000000E+00,0.000000E+00,0.000000E+00,2.699874E+01,3.816157E+01,2.699874E+01,3.816157E+01
17:00:00,0.000000E+00,7.295971E+02,0.000000E+00,4.782131E-02,0.000000E+00,0.000000E+00,0.000000E+00,0.000000E+00,0.000000E+00,0.000000E+00,0.000000E+00,0.000000E+00,2.699928E+01,3.847058E+01,2.699928E+01,3.847058E+01
17:15:00,0.000000E+00,1.145105E+03,0.000000E+00,7.501289E-02,0.000000E+00,0.000000E+00,0.000000E+00,0.000000E+00,0.000000E+00,0.000000E+00,0.000000E+00,0.000000E+00,2.699905E+01,3.862757E+01,2.699905E+01,3.862757E+01
17:30:00,0.000000E+00,1.444047E+03,0.000000E+00,9.450132E-02,0.000000E+00,0.000000E+00,0.000000E+00,0.000000E+00,0.000000E+00,0.000000E+00,0.000000E+00,0.000000E+00,2.699887E+01,3.873784E+01,2.699887E+01,3.873784E+01
17:45:00,0.000000E+00,1.727953E+03,0.000000E+00,1.130806E-01,0.000000E+00,0.000000E+00,0.000000E+00,0.000000E+00,0.000000E+00,0.000000E+00,0.000000E+00,0.000000E+00,2.699895E+01,3.877070E+01,2.699895E+01,3.877070E+01
18:00:00,0.000000E+00,1.949988E+03,0.000000E+00,1.276113E-01,0.000000E+00,0.000000E+00,0.000000E+00,0.000000E+00,0.000000E+00,0.000000E+00,0.000000E+00,0.000000E+00,2.699902E+01,3.871075E+01,2.699902E+01,3.871075E+01
18:15:00,0.000000E+00,2.126446E+03,0.000000E+00,1.391593E-01,0.000000E+00,0.000000E+00,0.000000E+00,0.000000E+00,0.000000E+00,0.000000E+00,0.000000E+00,0.000000E+00,2.699896E+01,3.863080E+01,2.699896E+01,3.863080E+01
18:30:00,0.000000E+00,2.259543E+03,0.000000E+00,1.478693E-01,0.000000E+00,0.000000E+00,0.000000E+00,0.000000E+00,0.000000E+00,0.000000E+00,0.000000E+00,0.000000E+00,2.699893E+01,3.859200E+01,2.699893E+01,3.859200E+01
18:45:00,0.000000E+00,2.352244E+03,0.000000E+00,1.539355E-01,0.000000E+00,0.000000E+00,0.000000E+00,0.000000E+00,0.000000E+00,0.000000E+00,0.000000E+00,0.000000E+00,2.699909E+01,3.856736E+01,2.699909E+01,3.856736E+01
19:00:00,0.000000E+00,2.403105E+03,0.000000E+00,1.572635E-01,0.000000E+00,0.000000E+00,0.000000E+00,0.000000E+00,0.000000E+00,0.000000E+00,0.000000E+00,0.000000E+00,2.699916E+01,3.854968E+01,2.699916E+01,3.854968E+01
19:15:00,0.000000E+00,2.390334E+03,0.000000E+00,1.564269E-01,0.000000E+00,0.000000E+00,0.000000E+00,0.000000E+00,0.000000E+00,0.000000E+00,0.000000E+00,0.000000E+00,2.699930E+01,3.853686E+01,2.699930E+01,3.853686E+01
19:30:00,0.000000E+00,2.328459E+03,0.000000E+00,1.523766E-01,0.000000E+00,0.000000E+00,0.000000E+00,0.000000E+00,0.000000E+00,0.000000E+00,0.000000E+00,0.000000E+00,2.699937E+01,3.853948E+01,2.699937E+01,3.853948E+01
19:45:00,0.000000E+00,2.210328E+03,0.000000E+00,1.446453E-01,0.000000E+00,0.000000E+00,0.000000E+00,0.000000E+00,0.000000E+00,0.000000E+00,0.000000E+00,0.000000E+00,2.699941E+01,3.861240E+01,2.699941E+01,3.861240E+01
20:00:00,0.000000E+00,2.036518E+03,0.000000E+00,1.332704E-01,0.000000E+00,0.000000E+00,0.000000E+00,0.000000E+00,0.000000E+00,0.000000E+00,0.000000E+00,0.000000E+00,2.699947E+01,3.877714E+01,2.699947E+01,3.877714E+01
20:15:00,0.000000E+00,1.823127E+03,0.000000E+00,1.193056E-01,0.000000E+00,0.000000E+00,0.000000E+00,0.000000E+00,0.000000E+00,0.000000E+00,0.000000E+00,0.000000E+00,2.699952E+01,3.902255E+01,2.699952E+01,3.902255E+01
20:30:00,0.000000E+00,1.609027E+03,0.000000E+00,1.052946E-01,0.000000E+00,0.000000E+00,0.000000E+00,0.000000E+00,0.000000E+00,0.000000E+00,0.000000E+00,0.000000E+00,2.699948E+01,3.922065E+01,2.699948E+01,3.922065E+01
20:45:00,0.000000E+00,1.422311E+03,0.000000E+00,9.307584E-02,0.000000E+00,0.000000E+00,0.000000E+00,0.000000E+00,0.000000E+00,0.000000E+00,0.000000E+00,0.000000E+00,2.699947E+01,3.952784E+01,2.699947E+01,3.952784E+01
21:00:00,0.000000E+00,1.278421E+03,0.000000E+00,8.365967E-02,0.000000E+00,0.000000E+00,0.000000E+00,0.000000E+00,0.000000E+00,0.000000E+00,0.000000E+00,0.000000E+00,2.699948E+01,3.987669E+01,2.699948E+01,3.987669E+01
21:15:00,0.000000E+00,1.168776E+03,0.000000E+00,7.648464E-02,0.000000E+00,0.000000E+00,0.000000E+00,0.000000E+00,0.000000E+00,0.000000E+00,0.000000E+00,0.000000E+00,2.699941E+01,4.013244E+01,2.699941E+01,4.013244E+01
21:30:00,0.000000E+00,1.074663E+03,0.000000E+00,7.032602E-02,0.000000E+00,0.000000E+00,0.000000E+00,0.000000E+00,0.000000E+00,0.000000E+00,0.000000E+00,0.000000E+00,2.699937E+01,4.050169E+01,2.699937E+01,4.050169E+01
21:45:00,0.000000E+00,9.894501E+02,0.000000E+00,6.474978E-02,0.000000E+00,0.000000E+00,0.000000E+00,0.000000E+00,0.000000E+00,0.000000E+00,0.000000E+00,0.000000E+00,2.699938E+01,4.092267E+01,2.699938E+01,4.092267E+01
22:00:00,0.000000E+00,9.102989E+02,0.000000E+00,5.957021E-02,0.000000E+00,0.000000E+00,0.000000E+00,0.000000E+00,0.000000E+00,0.000000E+00,0.000000E+00,0.000000E+00,2.699939E+01,4.134677E+01,2.699939E+01,4.134677E+01
22:15:00,0.000000E+00,8.251380E+02,0.000000E+00,5.399733E-02,0.000000E+00,0.000000E+00,0.000000E+00,0.000000E+00,0.000000E+00,0.000000E+00,0.000000E+00,0.000000E+00,2.699933E+01,4.164741E+01,2.699933E+01,4.164741E+01
22:30:00,0.000000E+00,7.405598E+02,0.000000E+00,4.846257E-02,0.000000E+00,0.000000E+00,0.000000E+00,0.000000E+00,0.000000E+00,0.000000E+00,0.000000E+00,0.000000E+00,2.699927E+01,4.204370E+01,2.699927E+01,4.204370E+01
22:45:00,0.000000E+00,6.565803E+02,0.000000E+00,4.296697E-02,0.000000E+00,0.000000E+00,0.000000E+00,0.000000E+00,0.000000E+00,0.000000E+00,0.000000E+00,0.000000E+00,2.699931E+01,4.251561E+01,2.699931E+01,4.251561E+01
23:00:00,0.000000E+00,5.728250E+02,0.000000E+00,3.748601E-02,0.000000E+00,0.000000E+00,0.000000E+00,0.000000E+00,0.000000E+00,0.000000E+00,0.000000E+00,0.000000E+00,2.699935E+01,4.300911E+01,2.699935E+01,4.300911E+01
23:15:00,0.000000E+00,4.917857E+02,0.000000E+00,3.218272E-02,0.000000E+00,0.000000E+00,0.000000E+00,0.000000E+00,0.000000E+00,0.000000E+00,0.000000E+00,0.000000E+00,2.699944E+01,4.352552E+01,2.699944E+01,4.352552E+01
23:30:00,0.000000E+00,4.123493E+02,0.000000E+00,2.698425E-02,0.000000E+00,0.000000E+00,0.000000E+00,0.000000E+00,0.000000E+00,0.000000E+00,0.000000E+00,0.000000E+00,2.699953E+01,4.407552E+01,2.699953E+01,4.407552E+01
23:45:00,0.000000E+00,3.342830E+02,0.000000E+00,2.187548E-02,0.000000E+00,0.000000E+00,0.000000E+00,0.000000E+00,0.000000E+00,0.000000E+00,0.000000E+00,0.000000E+00,2.699961E+01,4.466518E+01,2.699961E+01,4.466518E+01
24:00:00,0.000000E+00,2.577082E+02,0.000000E+00,1.686433E-02,0.000000E+00,0.000000E+00,0.000000E+00,0.000000E+00,0.000000E+00,0.000000E+00,0.000000E+00,0.000000E+00,2.699965E+01,4.520724E+01,2.699965E+01,4.520724E+01
Peak,3.023254E+03,1.852639E+04,1.899460E-01,4.774415E+00,0.000000E+00,0.000000E+00,0.000000E+00,0.000000E+00,0.000000E+00,0.000000E+00,0.000000E+00,0.000000E+00,,,,

Peak Vol Flow (m3/s),,,1.587752E-01,3.990918E+00,,,0.000000E+00,0.000000E+00,,,,,,,,
